name,type,url,location_or_channel,price_of_comparable_item,what_it_sells,positioning_line,rating,review_count,source_date
Gradient MSP (Synthesize / Reconcile),Direct,https://www.meetgradient.com/synthesize-billing,"Online; integrates Autotask, Kaseya BMS, ConnectWise, HaloPSA, Pulseway, Syncro","Billing Pro $199/month (G2 listing, last updated Oct 2024: https://www.g2.com/products/synthesize-billing/pricing)","Billing reconciliation: catches missed licences, wrong quantities and unbilled services between PSA, vendor and distributor data",Take the hassle out of reconciling your vendor usage each month,not rated,0 on G2 (https://www.g2.com/sellers/gradient-msp),2026-10-07
ScalePad Cognition360,Direct,https://www.scalepad.com/cognition360/profitability-analytics,Online; ConnectWise PSA only,"$449/month flat (Capterra: https://www.capterra.com/p/10021453/Cognition360/)","Profitability analytics: agreement, customer and project profit, drill-down to labour and time entries; 150+ reports, benchmarking","See which clients, agreements, and projects are actually profitable",not rated,0 on Capterra,2026-10-07
MSPbots (Agreement Profitability / BI),Direct,https://www.mspbots.ai/agreement-profitability,Online; PSA/RMM/accounting integrations,"BI from $179/month per PSA source + $29 per admin user; BI Unlimited $699/month; Pro Bundle $990/month (https://mspbots.ai/pricing)","BI dashboards incl. agreement profitability, margin heat-maps, bots and dispatch",Business Intelligence & reporting built for MSPs,8.16/10 aggregate,161 across 5 platforms (https://tooliverse.ai/tools/mspbots),2026-10-07
MSPCFO,Direct,https://softwarefinder.com/sales-tools/mspcfo,"Online; ConnectWise and Autotask; Pax8 partner (https://www.pax8.com/en-uk/news-post/pax8-and-mspcfo-partner-to-deliver-actionable-business-intelligence-and-profitability-insights-for-msps-worldwide)","Basic $275/month, Premium $450/month (Software Finder)","PSA analytics: underpriced contracts, engineer utilisation, fixed-fee agreement metrics",not found,not rated,0 on Software Finder,2026-10-07
BrightGauge (ConnectWise),Indirect,https://www.capterra.co.uk/software/135408/brightgauge,Online; owned by ConnectWise,From US$316 (Capterra UK),"KPI dashboards and client reports across MSP data sources",not found,4.7/5,45 on Capterra UK,2026-10-07
Syncro Universal Billing,Indirect,https://www.businesswire.com/news/home/20250624072008/en/Syncro-Announces-Universal-Billing-to-Eliminate-Missed-Invoices-and-Recover-Lost-Revenue,Inside Syncro PSA/RMM,Included for all Syncro users (no separate price stated),Pulls third-party licence data from Syncro Marketplace vendors into recurring invoices,Syncro Announces Universal Billing to Eliminate Missed Invoices and Recover Lost Revenue,not rated,n/a,2026-10-07
Rewst,Indirect,https://rewst.io/blog/mastering-billing-reconciliation-automation-an-msps-guide-to-success/,Online automation platform for MSPs,Not stated (demo only),"Automation workflows incl. vendor-to-PSA billing sync and discrepancy flagging","Ask, Automate, Deliver",not checked,not checked,2026-10-07
Thread (licence billing reconciliation skill),Indirect,https://docs.getthread.com/skill-library/finance-and-billing/license-billing-reconciliation.md,Online; MSP service desk platform,Not checked,Licence billing reconciliation as one skill in its library,not checked,not checked,not checked,2026-10-07
HaloPSA built-in reporting,Substitute,https://superops.com/blog/halopsa-pricing,"The MSP's own PSA (popular with UK MSPs)","$95 to $115 per agent per month plus ~$4,000 onboarding (third-party summary); reporting already paid for",PSA with contracts and reports the MSP builds itself,not applicable,not checked,not checked,2026-10-07
Spreadsheets and manual month-end review,Substitute,https://www.meetgradient.com/resources/are-you-leaking-revenue,In-house,Staff time only,"Owner or ops manager compares vendor reports, contracts and invoices by hand","(Gradient's description) Manual billing reconciliation is a messy process—countless open tabs everywhere.",not applicable,n/a,2026-10-07
UK fractional finance director,Substitute,https://www.fdcapital.co.uk/how-much-does-a-uk-fractional-fd-cost/,UK; human service,"£700 to £1,300 per day; £3,000 to £5,600 a month for 1 day a week",Part-time finance director who reviews margins and pricing,not applicable,not applicable,n/a,2026-10-07
