client,service,quantity,unit_price,monthly_value
ABC Ltd,Managed User Support (per user),35,18.00,630.00
ABC Ltd,Managed Device Monitoring (per device),42,8.00,336.00
ABC Ltd,Microsoft 365 Business Premium,39,18.00,702.00
ABC Ltd,Backup & Disaster Recovery,1,148.00,148.00
ABC Ltd,Business Pro service fee,1,34.00,34.00
Bramley Homes,Managed User Support (per user),18,18.00,324.00
Bramley Homes,Managed Device Monitoring (per device),22,8.00,176.00
Bramley Homes,Microsoft 365 Business Premium,18,18.00,324.00
Bramley Homes,Backup & Disaster Recovery,1,92.00,92.00
Bramley Homes,Business Essentials service fee,1,234.00,234.00
Castle Accountancy,Managed User Support (per user),24,18.00,432.00
Castle Accountancy,Managed Device Monitoring (per device),26,8.00,208.00
Castle Accountancy,Microsoft 365 Business Premium,24,18.00,432.00
Castle Accountancy,Backup & Disaster Recovery,1,120.00,120.00
Castle Accountancy,Business Pro service fee,1,308.00,308.00
Harbour Physio,Managed User Support (per user),12,18.00,216.00
Harbour Physio,Managed Device Monitoring (per device),14,8.00,112.00
Harbour Physio,Microsoft 365 Business Premium,12,18.00,216.00
Harbour Physio,Backup & Disaster Recovery,1,63.00,63.00
Harbour Physio,Support Block 10 service fee,1,183.00,183.00
Elmfield Dental,Managed User Support (per user),20,18.00,360.00
Elmfield Dental,Managed Device Monitoring (per device),28,8.00,224.00
Elmfield Dental,Microsoft 365 Business Premium,20,18.00,360.00
Elmfield Dental,Backup & Disaster Recovery,1,112.00,112.00
Elmfield Dental,Business Essentials service fee,1,344.00,344.00
Smith & Co,Managed User Support (per user),21,18.00,378.00
Smith & Co,Managed Device Monitoring (per device),23,8.00,184.00
Smith & Co,Microsoft 365 Business Standard,21,11.00,231.00
Smith & Co,Backup & Disaster Recovery,1,76.00,76.00
Smith & Co,Business Essentials service fee,1,81.00,81.00
Dorset Legal,Managed User Support (per user),45,18.00,810.00
Dorset Legal,Managed Device Monitoring (per device),52,7.00,364.00
Dorset Legal,Microsoft 365 Business Premium,45,18.00,810.00
Dorset Legal,Backup & Disaster Recovery,1,192.00,192.00
Dorset Legal,Business Pro service fee,1,224.00,224.00
Kingsbridge Architects,Managed User Support (per user),16,18.00,288.00
Kingsbridge Architects,Managed Device Monitoring (per device),20,8.00,160.00
Kingsbridge Architects,Microsoft 365 Business Premium,16,18.00,288.00
Kingsbridge Architects,Backup & Disaster Recovery,1,132.00,132.00
Kingsbridge Architects,Business Pro service fee,1,782.00,782.00
Meridian Logistics,Managed User Support (per user),30,18.00,540.00
Meridian Logistics,Managed Device Monitoring (per device),38,8.00,304.00
Meridian Logistics,Microsoft 365 Business Premium,30,18.00,540.00
Meridian Logistics,Backup & Disaster Recovery,1,168.00,168.00
Meridian Logistics,Business Pro service fee,1,548.00,548.00
Northgate Veterinary,Managed User Support (per user),22,18.00,396.00
Northgate Veterinary,Managed Device Monitoring (per device),26,8.00,208.00
Northgate Veterinary,Microsoft 365 Business Standard,21,15.00,315.00
Northgate Veterinary,Backup & Disaster Recovery,1,100.00,100.00
Northgate Veterinary,Business Essentials service fee,1,231.00,231.00
Pennine Engineering,Managed User Support (per user),28,18.00,504.00
Pennine Engineering,Managed Device Monitoring (per device),34,8.00,272.00
Pennine Engineering,Microsoft 365 Business Premium,28,18.00,504.00
Pennine Engineering,Backup & Disaster Recovery,1,136.00,136.00
Pennine Engineering,Business Pro service fee,1,284.00,284.00
Riverside Care Group,Managed User Support (per user),40,18.00,720.00
Riverside Care Group,Managed Device Monitoring (per device),48,8.00,384.00
Riverside Care Group,Microsoft 365 Business Premium,43,18.00,774.00
Riverside Care Group,Backup & Disaster Recovery,1,208.00,208.00
Riverside Care Group,Business Pro service fee,1,514.00,514.00
Sterling Wealth Partners,Managed User Support (per user),14,18.00,252.00
Sterling Wealth Partners,Managed Device Monitoring (per device),18,8.00,144.00
Sterling Wealth Partners,Microsoft 365 Business Premium,14,18.00,252.00
Sterling Wealth Partners,Backup & Disaster Recovery,1,236.00,236.00
Sterling Wealth Partners,Premium service fee,1,2066.00,2066.00
Thames Valley Recruitment,Managed User Support (per user),19,18.00,342.00
Thames Valley Recruitment,Managed Device Monitoring (per device),21,8.00,168.00
Thames Valley Recruitment,Microsoft 365 Business Premium,20,18.00,360.00
Thames Valley Recruitment,Backup & Disaster Recovery,1,78.00,78.00
Thames Valley Recruitment,Business Essentials service fee,1,32.00,32.00
Willow & Hart Interiors,Managed User Support (per user),8,18.00,144.00
Willow & Hart Interiors,Managed Device Monitoring (per device),9,8.00,72.00
Willow & Hart Interiors,Microsoft 365 Business Premium,8,18.00,144.00
Willow & Hart Interiors,Backup & Disaster Recovery,1,48.00,48.00
Willow & Hart Interiors,Business Essentials service fee,1,192.00,192.00
