client,monthly_recurring_revenue,contracted_users,contracted_devices,package,contract_start,contract_end,included_hours,monthly_software_cost
ABC Ltd,1850,35,42,Business Pro,2024-02-01,2027-01-31,,420
Bramley Homes,1150,18,22,Business Essentials,2025-05-01,2027-04-30,,160
Castle Accountancy,1500,24,26,Business Pro,2023-09-01,2027-08-31,,150
Harbour Physio,790,12,14,Support Block 10,2025-01-01,2026-12-31,10,110
Elmfield Dental,1400,20,28,Business Essentials,2024-06-01,2027-05-31,,180
Smith & Co,950,21,23,Business Essentials,2022-11-01,2026-10-31,,150
Dorset Legal,2400,45,52,Business Pro,2024-03-01,2027-02-28,,380
Kingsbridge Architects,1650,16,20,Business Pro,2025-02-01,2027-01-31,,210
Meridian Logistics,2100,30,38,Business Pro,2023-04-01,2027-03-31,,300
Northgate Veterinary,1250,22,26,Business Essentials,2024-10-01,2027-09-30,,200
Pennine Engineering,1700,28,34,Business Pro,2024-01-01,2026-12-31,,250
Riverside Care Group,2600,40,48,Business Pro,2023-07-01,2027-06-30,,420
Sterling Wealth Partners,2950,14,18,Premium,2022-05-01,2027-04-30,,260
Thames Valley Recruitment,980,19,21,Business Essentials,2025-03-01,2027-02-28,,170
Willow & Hart Interiors,600,8,9,Business Essentials,2025-08-01,2027-07-31,,60
